전체 공사 일정 경과율,실제 공정률,인력 충족률,자재 납품 지연일,악천후 작업 중단일,설계변경 횟수,품질검사 지적 건수,협력업체 지연 발생 여부,공정 편차,지연 위험도
21,15.1,77,0,1,1,0,0,-5.9,Low
73,69.0,63,6,1,1,3,0,-4.0,High
64,58.5,93,4,7,2,2,1,-5.5,Moderate
48,46.5,94,3,3,3,2,0,-1.5,Low
47,58.7,90,4,0,4,3,1,11.7,Low
80,51.3,85,3,3,5,1,1,-28.7,High
21,15.6,76,5,4,3,2,0,-5.4,Moderate
67,65.8,82,4,1,1,3,1,-1.2,Low
30,30.0,81,5,5,4,3,1,0.0,Moderate
22,15.3,66,8,5,2,3,0,-6.7,High
55,34.4,63,4,0,0,1,0,-20.6,High
89,89.3,70,5,3,3,0,1,0.3,Moderate
70,84.3,78,8,4,1,4,0,14.3,Moderate
72,53.7,66,4,2,0,4,0,-18.3,High
69,74.6,64,4,6,3,1,0,5.6,Moderate
74,67.7,94,6,2,2,2,0,-6.3,Low
54,50.4,75,4,1,0,1,0,-3.6,Low
24,10.5,83,3,3,1,5,0,-13.5,High
78,71.7,81,4,2,1,2,0,-6.3,Low
49,59.0,90,6,3,2,0,0,10.0,Low
53,55.8,90,9,3,4,0,1,2.8,Low
43,57.3,72,6,3,4,1,0,14.3,Moderate
28,36.8,94,5,3,0,2,1,8.8,Low
85,86.4,75,2,3,3,3,1,1.4,Moderate
74,88.4,94,6,3,0,5,0,14.4,Low
63,64.4,76,3,4,1,3,0,1.4,Low
45,50.3,64,3,3,4,4,0,5.3,Moderate
77,71.0,91,8,3,0,0,1,-6.0,Low
56,53.7,61,5,4,3,2,0,-2.3,High
48,38.0,91,6,3,1,2,0,-10.0,Moderate
49,55.9,61,3,3,1,3,0,6.9,Moderate
32,17.2,68,4,5,1,0,0,-14.8,High
22,26.8,84,5,4,0,1,1,4.8,Low
57,52.1,98,13,2,1,2,1,-4.9,Moderate
82,90.7,76,4,4,2,1,0,8.7,Low
19,23.5,64,5,5,1,2,0,4.5,Moderate
80,95.2,69,4,3,3,7,0,15.2,High
77,81.3,96,4,3,3,5,0,4.3,Low
36,17.3,89,3,5,5,2,0,-18.7,High
63,59.3,64,8,3,3,2,0,-3.7,High
27,12.3,75,6,1,3,3,1,-14.7,High
72,63.8,70,6,8,3,0,0,-8.2,High
68,80.1,67,4,3,3,2,1,12.1,Moderate
41,44.4,94,6,2,1,2,0,3.4,Low
20,10.0,85,3,2,3,0,0,-10.0,Moderate
88,74.9,67,6,2,2,1,0,-13.1,High
48,45.3,86,9,1,2,0,0,-2.7,Low
82,66.8,76,7,2,3,2,0,-15.2,High
66,56.3,62,5,2,1,3,1,-9.7,High
74,74.1,78,4,4,1,1,1,0.1,Low
72,80.6,67,6,4,3,2,1,8.6,High
29,32.1,70,3,2,1,3,0,3.1,Low
42,16.1,96,6,2,1,4,0,-25.9,High
50,50.0,89,4,2,1,4,0,0.0,Low
52,49.7,65,4,4,3,2,1,-2.3,High
18,19.1,94,3,2,5,1,1,1.1,Low
56,69.2,83,12,4,2,6,0,13.2,Moderate
26,2.4,95,2,0,1,3,1,-23.6,High
71,62.1,90,5,5,2,2,0,-8.9,Moderate
66,68.9,73,10,3,2,3,0,2.9,Moderate
85,66.2,81,3,3,3,3,0,-18.8,High
71,82.8,81,5,7,1,1,0,11.8,Low
42,42.7,89,4,2,0,3,1,0.7,Low
88,93.5,70,6,0,3,2,1,5.5,High
46,37.3,73,6,1,2,1,0,-8.7,High
39,44.1,70,0,4,1,1,0,5.1,Low
83,90.7,72,3,3,3,4,0,7.7,Moderate
43,42.3,66,5,2,3,0,0,-0.7,Moderate
20,19.3,61,4,3,3,1,0,-0.7,High
50,49.7,98,9,4,0,3,0,-0.3,Low
75,63.4,63,4,4,2,2,0,-11.6,High
29,24.5,96,6,1,1,0,0,-4.5,Low
50,45.5,60,5,1,0,1,0,-4.5,Moderate
24,24.8,91,7,3,0,1,1,0.8,Low
67,74.0,73,4,2,2,0,0,7.0,Low
51,37.4,81,9,2,2,3,0,-13.6,High
40,35.7,71,3,4,1,2,0,-4.3,Moderate
32,43.8,80,8,2,5,1,1,11.8,Moderate
57,46.6,78,10,2,0,5,0,-10.4,High
65,53.8,81,8,5,1,3,0,-11.2,High
86,85.0,76,4,3,4,1,1,-1.0,Moderate
48,53.4,81,4,7,2,1,1,5.4,Low
27,24.1,93,3,0,0,2,0,-2.9,Low
78,88.3,77,5,3,3,1,0,10.3,Moderate
62,67.6,74,5,3,2,3,1,5.6,Moderate
68,73.4,65,5,4,0,3,0,5.4,Moderate
22,24.5,74,7,2,2,3,0,2.5,Moderate
38,58.3,65,5,3,0,0,0,20.3,Low
73,67.9,67,2,2,1,0,0,-5.1,Moderate
78,55.0,99,2,4,0,4,0,-23.0,High
48,61.0,63,8,1,3,2,0,13.0,Moderate
76,68.4,79,5,3,1,1,0,-7.6,Moderate
78,76.1,94,5,0,3,5,0,-1.9,Low
44,54.1,99,3,4,2,3,0,10.1,Low
83,64.0,66,7,6,0,1,1,-19.0,High
36,20.5,66,5,2,3,4,0,-15.5,High
33,14.0,75,3,1,2,0,0,-19.0,High
66,55.1,82,7,0,3,1,0,-10.9,Moderate
63,64.4,99,6,3,2,2,0,1.4,Low
25,27.2,68,7,3,0,2,0,2.2,Low
78,77.8,66,2,4,1,4,0,-0.2,Moderate
30,12.9,70,4,4,2,3,1,-17.1,High
76,49.9,95,4,1,2,1,0,-26.1,High
15,12.5,61,9,1,4,2,1,-2.5,High
75,67.3,75,6,4,0,5,1,-7.7,High
74,75.6,64,7,1,1,4,0,1.6,Moderate
74,78.0,66,9,1,1,1,0,4.0,Moderate
65,63.4,97,4,5,4,4,1,-1.6,Moderate
50,54.6,60,6,6,0,1,0,4.6,Moderate
68,67.3,73,4,1,3,0,1,-0.7,Moderate
36,38.3,97,2,2,1,3,1,2.3,Low
74,64.0,84,5,0,1,3,0,-10.0,Moderate
57,52.2,62,3,1,5,1,1,-4.8,High
49,48.0,79,6,1,3,0,0,-1.0,Low
53,58.2,99,5,4,2,2,0,5.2,Low
58,51.1,76,3,2,1,2,0,-6.9,Low
17,19.2,81,7,1,2,1,0,2.2,Low
25,19.3,81,2,2,2,3,1,-5.7,Moderate
33,28.8,87,4,1,2,2,1,-4.2,Moderate
23,28.3,67,3,2,1,2,0,5.3,Low
48,25.1,94,7,1,5,4,0,-22.9,High
65,49.0,100,5,6,2,2,0,-16.0,High
64,46.2,65,3,1,1,3,0,-17.8,High
50,23.7,93,7,2,3,0,0,-26.3,High
79,69.2,93,6,2,3,0,0,-9.8,Moderate
57,61.5,90,7,3,1,2,1,4.5,Low
21,15.2,75,3,2,2,3,0,-5.8,Moderate
73,72.0,79,7,5,5,2,0,-1.0,Moderate
58,65.9,94,5,3,3,1,0,7.9,Low
63,73.3,66,2,3,5,0,0,10.3,Moderate
57,53.3,93,4,8,0,2,0,-3.7,Low
57,67.5,97,2,4,0,3,0,10.5,Low
21,18.9,87,3,4,2,0,0,-2.1,Low
57,45.6,73,6,2,1,3,1,-11.4,High
75,66.1,82,2,3,3,4,0,-8.9,High
38,20.2,62,4,6,0,0,0,-17.8,High
60,48.1,98,7,2,0,1,1,-11.9,Moderate
17,10.4,74,5,2,1,3,0,-6.6,High
41,46.0,62,6,3,3,5,1,5.0,High
48,62.2,92,3,2,0,3,0,14.2,Low
89,72.2,86,5,3,2,2,0,-16.8,High
31,31.9,85,8,0,3,1,0,0.9,Low
36,22.6,62,2,3,1,3,0,-13.4,High
46,47.7,90,4,2,0,3,1,1.7,Low
90,85.7,86,7,1,0,0,0,-4.3,Low
79,57.7,92,3,5,3,3,1,-21.3,High
17,23.3,93,3,1,3,5,1,6.3,Moderate
32,22.9,68,8,5,4,3,1,-9.1,High
77,68.7,68,3,1,1,3,1,-8.3,High
19,5.3,97,3,3,1,3,0,-13.7,High
80,70.5,81,2,6,5,3,0,-9.5,High
36,37.3,77,4,5,1,4,1,1.3,Moderate
84,79.1,71,2,2,2,0,0,-4.9,Moderate
37,37.3,86,9,4,0,1,0,0.3,Low
48,48.6,90,6,3,1,2,0,0.6,Low
65,75.2,60,4,1,2,3,0,10.2,Moderate
24,17.6,82,6,4,2,1,1,-6.4,Moderate
57,39.2,100,2,2,3,3,0,-17.8,Moderate
53,60.7,71,6,3,5,2,0,7.7,Moderate
74,67.7,71,4,2,5,3,1,-6.3,High
90,98.1,96,9,5,4,2,0,8.1,Low
65,65.8,62,6,3,4,1,1,0.8,High
46,41.7,76,5,1,3,2,0,-4.3,Moderate
45,45.5,78,6,3,3,3,0,0.5,Low
46,62.5,92,5,3,1,1,0,16.5,Low
76,93.8,65,6,2,1,3,0,17.8,Moderate
39,36.7,77,6,2,0,1,0,-2.3,Low
27,25.6,66,4,2,2,2,0,-1.4,Moderate
40,47.8,92,7,3,5,2,0,7.8,Low
16,4.5,85,4,2,0,1,0,-11.5,Moderate
23,23.3,80,4,7,3,0,0,0.3,Low
21,17.7,76,8,3,0,0,0,-3.3,Moderate
73,73.1,66,6,3,4,4,1,0.1,High
69,57.7,97,2,5,0,5,1,-11.3,High
67,48.1,86,9,4,1,2,1,-18.9,High
50,26.3,73,5,4,2,6,0,-23.7,High
69,54.8,76,3,2,1,1,0,-14.2,High
27,19.4,89,7,1,2,0,0,-7.6,Low
83,77.1,89,3,1,1,3,1,-5.9,Moderate
53,69.4,78,0,1,5,1,1,16.4,Moderate
86,94.1,72,8,3,2,3,0,8.1,Moderate
26,13.4,87,5,2,3,1,0,-12.6,Moderate
52,52.5,86,4,3,3,2,1,0.5,Low
67,59.9,84,2,4,6,2,0,-7.1,Moderate
52,46.2,62,4,0,1,2,0,-5.8,High
48,46.9,79,6,5,3,1,0,-1.1,Low
27,30.2,85,5,4,1,1,1,3.2,Low
43,36.6,98,3,4,2,1,0,-6.4,Low
33,40.6,81,4,0,2,2,0,7.6,Low
37,22.6,74,1,1,1,2,0,-14.4,High
66,63.1,82,8,2,1,4,0,-2.9,Moderate
62,85.0,67,6,3,3,3,1,23.0,Moderate
61,60.2,63,5,2,1,4,1,-0.8,Moderate
42,53.3,87,5,3,2,2,0,11.3,Low
87,84.9,100,4,2,3,1,0,-2.1,Low
21,23.8,94,3,2,1,1,1,2.8,Low
41,37.4,83,5,3,4,1,1,-3.6,Moderate
23,18.3,61,4,4,1,1,0,-4.7,Moderate
40,29.2,100,8,4,2,2,0,-10.8,Moderate
88,89.3,78,7,4,0,2,0,1.3,Low
42,30.5,71,4,5,2,0,1,-11.5,High
84,87.7,96,5,5,2,3,0,3.7,Low
52,59.9,90,11,2,2,1,0,7.9,Low
68,68.7,90,5,4,2,1,1,0.7,Low
49,43.1,71,3,2,2,3,0,-5.9,High
35,36.5,100,8,2,5,1,1,1.5,Low
73,66.9,78,5,2,3,1,0,-6.1,Moderate
88,94.4,81,7,2,4,0,0,6.4,Low
35,13.7,90,4,3,0,1,1,-21.3,High
74,67.6,87,5,6,2,3,1,-6.4,Moderate
34,11.1,67,6,5,2,2,1,-22.9,High
69,51.0,72,6,4,1,1,1,-18.0,High
74,84.6,74,3,5,4,0,0,10.6,Moderate
49,55.0,98,7,1,0,4,0,6.0,Low
71,60.8,89,4,4,0,3,0,-10.2,Low
35,17.0,75,3,3,3,1,1,-18.0,High
21,0.0,90,4,4,2,1,0,-21.0,High
22,13.6,90,10,3,2,4,1,-8.4,High
48,69.2,76,4,4,1,3,1,21.2,Moderate
83,84.3,76,5,3,4,0,1,1.3,Moderate
24,15.4,96,4,2,2,1,1,-8.6,Moderate
49,50.7,83,6,1,3,0,0,1.7,Low
68,49.4,66,2,2,2,2,0,-18.6,High
30,24.0,89,6,1,2,5,1,-6.0,Moderate
69,67.0,84,3,5,1,5,0,-2.0,Moderate
38,34.1,80,9,2,4,2,0,-3.9,Moderate
76,80.9,89,3,3,0,3,1,4.9,Low
59,59.4,97,4,3,2,1,0,0.4,Low
56,59.7,73,6,4,2,1,0,3.7,Low
28,18.1,77,7,0,4,3,0,-9.9,High
50,56.0,67,4,2,1,1,0,6.0,Moderate
80,93.3,86,7,6,3,2,1,13.3,Moderate
16,3.3,76,9,4,3,4,0,-12.7,High
72,60.1,74,2,5,0,2,0,-11.9,Moderate
52,62.4,88,6,2,3,3,0,10.4,Low
69,64.1,76,9,1,4,8,1,-4.9,High
65,76.0,79,10,3,0,1,1,11.0,Moderate
47,39.6,78,5,4,1,3,0,-7.4,Moderate
38,49.6,70,6,2,2,1,0,11.6,Moderate
62,60.3,65,7,2,2,2,0,-1.7,Moderate
25,24.6,93,6,5,3,0,0,-0.4,Low
59,71.6,63,8,5,2,2,0,12.6,Moderate
22,15.4,73,4,3,3,1,0,-6.6,Moderate
64,51.6,87,7,2,0,2,0,-12.4,Moderate
62,54.5,65,4,2,3,2,0,-7.5,High
21,22.5,86,4,5,1,1,0,1.5,Low
72,53.3,90,5,5,1,1,0,-18.7,High
46,49.4,87,5,8,0,0,0,3.4,Low
74,65.6,72,5,4,1,2,1,-8.4,High
18,26.5,60,5,3,1,0,0,8.5,Moderate
28,1.1,96,5,2,4,5,0,-26.9,High
52,41.1,73,2,1,0,2,1,-10.9,High
29,9.1,93,8,4,2,1,0,-19.9,High
40,28.7,68,3,3,1,0,1,-11.3,High
65,64.5,66,8,5,2,1,0,-0.5,Moderate
25,20.2,91,5,0,2,3,1,-4.8,Moderate
66,60.5,98,3,3,1,2,0,-5.5,Low
22,17.4,95,7,8,2,3,0,-4.6,Moderate
28,27.0,90,10,3,2,2,1,-1.0,Moderate
59,45.9,70,3,3,4,0,1,-13.1,High
75,79.1,97,3,5,3,1,0,4.1,Low
27,30.6,87,3,5,2,1,1,3.6,Low
37,37.9,67,7,2,4,2,0,0.9,Moderate
85,87.6,65,8,5,3,6,1,2.6,High
90,90.0,95,7,5,3,0,1,0.0,Low
59,76.4,71,5,2,1,3,0,17.4,Low
48,44.1,91,3,4,0,3,1,-3.9,Low
41,34.9,65,8,3,2,0,1,-6.1,High
61,50.5,71,4,3,0,2,1,-10.5,High
59,45.7,71,5,2,1,2,0,-13.3,High
37,21.6,71,2,4,1,1,1,-15.4,High
16,4.1,87,2,4,1,2,0,-11.9,Moderate
26,22.3,97,3,1,1,3,0,-3.7,Low
87,87.3,97,3,4,2,1,1,0.3,Low
46,43.5,90,2,1,3,0,0,-2.5,Low
51,40.3,68,3,6,3,3,1,-10.7,High
50,56.0,99,6,2,1,2,0,6.0,Low
74,78.4,82,6,1,3,2,0,4.4,Low
19,14.4,82,6,2,0,1,1,-4.6,Moderate
21,11.5,88,4,2,1,2,0,-9.5,Low
35,37.5,91,4,4,2,0,0,2.5,Low
51,49.9,99,2,0,1,0,0,-1.1,Low
66,48.5,83,7,1,2,1,0,-17.5,High
52,48.3,85,5,3,0,0,0,-3.7,Low
48,47.6,90,2,2,1,1,0,-0.4,Low
86,74.0,70,4,3,1,1,1,-12.0,High
27,25.9,72,7,2,6,3,1,-1.1,High
58,40.5,85,2,3,4,2,1,-17.5,High
56,66.4,62,6,3,6,2,0,10.4,High
50,59.5,73,4,3,1,2,1,9.5,Low
76,70.5,89,8,5,1,2,0,-5.5,Moderate
35,35.6,100,5,1,1,0,1,0.6,Low
87,59.9,81,3,3,3,5,0,-27.1,High
40,25.4,76,8,3,0,1,1,-14.6,High
56,50.1,78,6,3,5,3,0,-5.9,Moderate
54,40.3,88,3,2,4,2,0,-13.7,Moderate
79,83.1,82,8,5,2,2,1,4.1,Moderate
48,65.0,60,5,1,2,1,0,17.0,Moderate
36,21.2,82,4,1,2,3,1,-14.8,High
16,4.6,76,3,4,1,1,1,-11.4,High
42,41.4,88,4,1,4,1,0,-0.6,Low
77,90.1,95,8,3,2,2,0,13.1,Low
15,0.0,99,6,2,0,0,0,-15.0,Moderate
83,82.5,85,4,2,3,2,1,-0.5,Low
56,71.2,74,5,3,2,1,1,15.2,Moderate
25,5.5,78,5,3,3,0,0,-19.5,High
37,21.2,67,9,5,4,3,1,-15.8,High
57,49.8,98,5,3,6,1,0,-7.2,Moderate
38,29.8,94,8,4,3,0,0,-8.2,Moderate
23,28.1,95,3,3,3,1,1,5.1,Low
65,64.4,73,8,8,0,1,1,-0.6,Moderate
66,45.3,73,7,2,1,1,0,-20.7,High
24,26.2,95,4,1,3,1,0,2.2,Low
36,27.2,82,3,7,3,2,0,-8.8,High
33,42.7,88,6,2,3,1,0,9.7,Low
65,55.7,80,4,6,1,2,0,-9.3,Moderate
70,60.6,78,5,4,1,1,1,-9.4,Moderate
70,72.4,85,6,3,2,0,0,2.4,Low
86,90.6,93,3,1,1,2,0,4.6,Low
73,74.5,73,2,5,1,3,1,1.5,Moderate
39,19.1,93,8,1,2,3,0,-19.9,High
23,25.4,70,4,5,1,6,0,2.4,Moderate
61,47.7,76,5,3,3,1,1,-13.3,High
84,83.4,97,0,2,1,4,0,-0.6,Low
89,71.8,99,5,0,2,3,0,-17.2,High
32,33.5,97,4,4,2,3,0,1.5,Low
32,20.9,72,1,2,2,2,0,-11.1,High
17,1.2,94,5,3,2,0,0,-15.8,Moderate
25,29.1,98,8,1,3,2,0,4.1,Low
57,56.4,100,2,1,3,1,0,-0.6,Low
56,46.9,60,6,0,2,0,1,-9.1,High
43,54.5,90,1,3,3,2,0,11.5,Low
38,30.6,100,5,1,4,2,0,-7.4,Low
78,75.3,91,6,2,2,2,0,-2.7,Low
49,48.7,69,3,1,2,2,1,-0.3,Moderate
76,66.8,91,7,2,1,3,0,-9.2,Moderate
88,89.7,64,7,3,2,2,1,1.7,High
39,30.7,79,2,2,1,1,0,-8.3,Moderate
30,22.9,85,4,2,1,2,1,-7.1,Moderate
87,97.6,78,2,2,4,1,0,10.6,Low
63,49.6,88,4,4,3,4,0,-13.4,High
37,9.9,69,9,3,1,1,0,-27.1,High
62,75.1,84,3,2,1,2,0,13.1,Low
54,76.5,86,2,4,1,1,1,22.5,Low
83,75.9,85,4,2,3,1,0,-7.1,Moderate
34,11.6,71,8,1,4,0,0,-22.4,High
90,83.9,72,3,2,0,2,0,-6.1,Moderate
86,80.1,70,3,2,4,2,1,-5.9,High
28,23.1,78,2,2,2,3,0,-4.9,Low
27,12.9,84,5,3,0,2,1,-14.1,High
55,57.8,74,2,2,3,0,1,2.8,Moderate
18,20.2,76,1,2,4,1,0,2.2,Low
37,19.1,71,8,1,4,6,1,-17.9,High
48,52.0,68,3,6,1,1,0,4.0,Low
88,100.0,86,6,4,0,1,0,12.0,Low
90,88.7,93,4,1,3,1,0,-1.3,Low
26,19.6,71,4,0,2,2,0,-6.4,Moderate
82,77.6,95,1,0,5,2,0,-4.4,Low
21,24.2,83,7,6,1,2,0,3.2,Low
71,50.7,66,6,5,4,1,1,-20.3,High
79,77.6,75,3,5,3,2,0,-1.4,Moderate
82,75.1,60,4,2,1,2,0,-6.9,High
31,46.5,61,9,4,2,0,0,15.5,Moderate
82,77.3,73,6,5,1,2,0,-4.7,Moderate
23,36.7,78,3,2,3,2,1,13.7,Moderate
54,40.0,92,8,2,3,1,0,-14.0,High
50,52.9,65,4,5,0,1,0,2.9,Low
39,39.2,94,3,2,4,2,0,0.2,Low
16,4.3,69,6,1,1,2,1,-11.7,High
73,71.8,65,3,1,1,4,0,-1.2,Moderate
40,49.1,88,7,3,1,6,1,9.1,Moderate
65,58.8,91,3,3,3,3,0,-6.2,Moderate
46,26.1,84,3,2,3,2,0,-19.9,High
43,39.8,64,8,2,1,2,0,-3.2,Moderate
82,70.0,64,0,2,5,0,0,-12.0,High
22,15.6,75,5,5,2,3,0,-6.4,High
70,66.2,78,3,1,2,0,0,-3.8,Low
71,50.9,100,7,5,1,4,0,-20.1,High
43,23.8,71,9,0,3,1,0,-19.2,High
34,35.8,67,9,2,2,4,0,1.8,High
15,6.8,98,0,5,1,0,0,-8.2,Low
86,57.4,66,8,5,1,3,0,-28.6,High
87,91.8,61,1,3,2,1,0,4.8,Moderate
33,32.7,77,13,1,3,1,0,-0.3,Moderate
17,6.9,76,5,2,3,3,1,-10.1,High
24,7.8,85,4,1,0,0,0,-16.2,Moderate
20,25.4,95,3,0,2,5,0,5.4,Low
78,78.5,98,5,3,1,2,0,0.5,Low
82,100.0,71,5,0,1,1,1,18.0,Low
26,27.2,100,6,4,5,2,0,1.2,Low
71,71.9,85,7,3,0,2,0,0.9,Low
28,23.3,62,10,6,1,5,0,-4.7,High
42,47.2,98,4,6,3,3,0,5.2,Low
60,63.3,65,4,3,1,1,1,3.3,Moderate
69,78.5,84,9,3,1,2,0,9.5,Low
81,72.8,92,4,4,3,3,0,-8.2,Moderate
18,10.6,70,7,4,3,1,0,-7.4,High
29,21.2,71,2,4,1,1,1,-7.8,High
36,40.9,79,3,2,1,0,1,4.9,Low
38,50.0,96,7,4,2,1,1,12.0,Low
90,82.4,69,8,4,2,0,1,-7.6,High
74,66.8,87,5,3,2,1,1,-7.2,Moderate
39,39.1,78,4,5,3,2,0,0.1,Moderate
88,82.5,64,3,5,0,3,0,-5.5,High
52,58.5,89,3,5,0,3,0,6.5,Low
53,27.5,94,5,4,3,0,0,-25.5,High
47,35.7,83,3,2,3,2,1,-11.3,High
25,14.2,67,3,3,2,2,0,-10.8,High
86,59.8,66,6,3,3,0,0,-26.2,High
16,3.4,77,4,3,1,2,0,-12.6,High
28,15.8,80,6,3,2,1,0,-12.2,Moderate
32,27.0,82,2,5,2,1,0,-5.0,Low
36,44.1,69,3,1,3,2,0,8.1,Moderate
25,19.5,80,4,2,3,2,0,-5.5,Moderate
16,2.7,72,5,2,1,2,0,-13.3,High
66,62.4,88,1,4,1,0,0,-3.6,Low
88,95.5,92,5,2,3,4,0,7.5,Low
24,11.2,86,8,0,3,3,1,-12.8,High
37,24.9,60,13,4,1,2,0,-12.1,High
53,55.6,100,8,2,5,2,0,2.6,Low
85,79.8,60,6,4,1,2,1,-5.2,High
67,70.5,100,4,4,3,0,1,3.5,Low
73,69.9,61,3,3,5,0,0,-3.1,Moderate
59,63.0,81,6,0,1,0,0,4.0,Low
46,32.6,64,4,1,4,2,0,-13.4,High
30,26.9,63,12,2,4,2,1,-3.1,High
80,74.9,88,6,1,2,2,0,-5.1,Low
76,60.8,89,5,4,2,1,1,-15.2,High
16,0.0,64,2,6,0,5,1,-16.0,High
69,72.9,100,6,2,5,3,0,3.9,Low
21,14.5,73,3,3,2,1,0,-6.5,Moderate
71,57.8,73,6,4,1,1,1,-13.2,High
77,73.0,72,3,4,2,1,1,-4.0,Moderate
24,32.3,78,7,4,2,4,1,8.3,Moderate
47,21.2,67,7,7,2,0,0,-25.8,High
24,6.0,77,5,0,2,6,1,-18.0,High
58,45.8,68,10,3,0,1,1,-12.2,High
85,96.6,62,4,6,6,0,1,11.6,High
21,20.8,75,5,1,3,3,0,-0.2,Moderate
45,49.7,87,3,4,2,2,0,4.7,Low
88,73.6,91,6,1,3,2,0,-14.4,High
37,22.8,74,2,3,1,1,1,-14.2,High
25,26.5,73,2,5,2,0,1,1.5,Moderate
52,49.6,92,3,1,1,1,0,-2.4,Low
53,55.5,87,8,3,2,2,0,2.5,Low
65,60.1,94,6,2,3,1,0,-4.9,Low
38,37.8,97,3,3,2,6,0,-0.2,Low
87,85.6,93,10,3,4,3,1,-1.4,Moderate
54,58.8,98,7,3,2,2,0,4.8,Low
36,41.1,77,6,0,0,1,0,5.1,Low
87,67.8,76,6,1,0,2,1,-19.2,High
85,59.5,73,5,3,1,2,0,-25.5,High
52,59.0,69,2,2,2,3,0,7.0,Moderate
16,24.9,90,4,4,2,0,0,8.9,Low
60,46.8,89,6,4,2,2,0,-13.2,High
57,35.4,92,6,4,3,5,0,-21.6,High
26,24.0,66,3,2,2,3,0,-2.0,Moderate
63,69.3,80,3,2,0,0,0,6.3,Low
78,93.0,69,4,3,3,3,0,15.0,Moderate
23,25.2,96,2,2,1,0,0,2.2,Low
69,62.3,70,5,6,3,3,0,-6.7,High
25,13.1,65,2,4,1,3,0,-11.9,High
71,68.1,83,6,6,3,4,0,-2.9,Moderate
46,40.0,96,1,2,0,1,0,-6.0,Low
15,1.8,97,3,5,1,0,1,-13.2,High
88,100.0,63,5,4,1,5,0,12.0,High
27,41.9,73,4,1,0,4,0,14.9,Moderate
60,68.4,66,3,0,2,1,0,8.4,Moderate
28,15.8,72,3,1,4,1,0,-12.2,High
85,90.6,81,6,2,5,1,0,5.6,Low
71,74.4,71,8,2,3,2,0,3.4,Moderate
76,77.4,62,7,0,1,2,0,1.4,Moderate
47,56.5,80,5,3,2,2,1,9.5,Moderate
50,53.4,62,11,3,3,5,0,3.4,High
63,67.4,69,4,3,6,4,0,4.4,High
74,77.4,60,6,0,0,2,1,3.4,High
79,79.4,63,1,1,2,3,0,0.4,Moderate
16,0.0,77,5,4,2,4,0,-16.0,High
65,62.8,94,7,1,0,2,0,-2.2,Low
23,14.4,91,4,4,2,1,0,-8.6,Low
36,20.2,64,6,3,3,2,1,-15.8,High
78,91.8,61,6,3,0,2,0,13.8,Moderate
34,48.3,73,8,1,2,0,0,14.3,Low
75,85.6,86,8,0,4,0,1,10.6,Low
50,49.6,90,9,6,1,3,0,-0.4,Low
32,42.5,93,6,5,3,1,0,10.5,Low
40,37.1,74,3,3,2,0,0,-2.9,Moderate
55,54.0,66,6,4,1,2,0,-1.0,Moderate
73,59.1,61,1,3,2,3,0,-13.9,High
61,62.0,66,3,2,0,1,0,1.0,Low
85,82.6,62,6,1,3,1,0,-2.4,Moderate
80,64.0,95,9,5,3,4,1,-16.0,High
72,68.5,71,9,5,2,0,0,-3.5,Moderate
60,56.2,93,2,2,2,4,1,-3.8,Moderate
37,52.0,82,5,2,3,2,0,15.0,Low
46,51.9,82,3,2,1,2,1,5.9,Low
24,21.1,78,5,3,1,2,0,-2.9,Moderate
43,42.5,93,2,2,2,0,1,-0.5,Low
85,82.4,61,4,3,2,0,1,-2.6,High
47,42.0,63,3,7,1,3,0,-5.0,High
23,9.2,77,3,3,2,0,0,-13.8,High
64,59.5,76,4,2,2,0,1,-4.5,Moderate
88,77.5,82,4,0,2,1,1,-10.5,Moderate
80,64.5,90,3,5,1,1,0,-15.5,Moderate
35,37.1,84,9,3,1,2,1,2.1,Moderate
49,49.9,70,2,4,2,0,0,0.9,Low
55,34.1,73,4,1,3,3,0,-20.9,High
33,28.8,90,2,1,3,2,0,-4.2,Low
35,42.0,68,9,4,1,2,1,7.0,High
32,39.6,80,8,4,2,3,0,7.6,Moderate
90,97.3,82,4,4,0,3,0,7.3,Low
71,68.4,90,4,6,5,0,0,-2.6,Low
78,66.5,89,5,4,3,1,0,-11.5,Moderate
77,63.2,79,4,4,0,0,0,-13.8,High
87,87.4,72,7,3,2,1,0,0.4,High
23,23.8,75,6,1,3,3,1,0.8,Moderate
82,91.9,76,2,6,0,2,0,9.9,Low
20,28.0,68,8,4,2,4,0,8.0,Moderate
51,46.7,85,2,3,1,3,0,-4.3,Low
60,44.6,68,5,4,0,1,0,-15.4,High
42,35.8,86,3,5,2,1,0,-6.2,Low
26,25.2,90,3,2,2,4,0,-0.8,Low
29,24.0,99,7,3,0,2,0,-5.0,Low
77,68.2,64,4,4,0,2,0,-8.8,High
39,38.5,91,8,0,0,2,0,-0.5,Low
38,30.0,63,5,2,2,1,1,-8.0,High
85,75.7,73,4,5,2,0,0,-9.3,Moderate
25,25.1,67,5,3,0,3,0,0.1,Low
84,77.0,66,6,8,1,4,0,-7.0,High
84,83.4,67,5,2,1,3,0,-0.6,Moderate
60,59.7,61,5,5,4,0,0,-0.3,Moderate
27,12.6,93,4,2,3,1,0,-14.4,Moderate
26,18.2,62,6,1,1,3,0,-7.8,High
36,47.4,76,2,2,2,0,0,11.4,Low
58,43.4,88,3,3,2,3,0,-14.6,High
26,1.8,100,0,0,3,2,0,-24.2,High
49,27.4,95,4,5,1,0,1,-21.6,High
23,20.3,65,3,2,3,5,0,-2.7,High
56,53.3,100,2,2,4,4,0,-2.7,Low
16,11.8,86,7,1,2,0,0,-4.2,Low
68,77.1,67,2,5,1,2,0,9.1,Moderate
19,0.0,78,6,4,1,2,0,-19.0,High
29,30.0,97,5,1,1,3,0,1.0,Low
28,40.6,76,3,2,0,3,0,12.6,Low
78,63.7,67,6,5,2,3,0,-14.3,High
19,12.2,95,5,7,4,2,0,-6.8,Moderate
47,36.5,99,4,6,0,3,0,-10.5,Moderate
59,47.1,99,8,5,4,3,0,-11.9,High
54,47.7,99,5,1,3,3,1,-6.3,Moderate
66,77.3,95,4,4,1,2,0,11.3,Low
76,91.4,78,3,6,3,1,1,15.4,Low
44,37.6,67,4,4,2,4,1,-6.4,High
77,93.1,85,5,8,5,3,0,16.1,Moderate
39,36.4,69,3,4,3,2,0,-2.6,Moderate
89,100.0,79,4,3,1,0,1,11.0,Low
53,49.1,86,9,2,1,3,0,-3.9,Low
70,68.3,98,4,3,2,4,0,-1.7,Low
81,81.7,71,4,3,0,1,0,0.7,Low
75,100.0,70,3,2,8,4,0,25.0,High
79,84.5,90,5,6,5,1,1,5.5,Moderate
55,44.9,60,1,4,6,0,1,-10.1,High
18,24.7,83,5,0,1,6,1,6.7,Moderate
52,45.4,90,5,1,1,4,1,-6.6,Moderate
28,20.1,82,4,6,2,2,0,-7.9,Moderate
82,88.1,75,5,8,2,2,0,6.1,Moderate
32,29.3,93,3,1,1,4,1,-2.7,Low
32,31.8,75,12,1,1,4,1,-0.2,High
33,30.1,89,4,1,4,0,1,-2.9,Low
63,63.4,79,9,4,3,2,1,0.4,Moderate
58,59.2,61,6,0,1,3,0,1.2,Moderate
87,64.6,81,4,5,1,0,0,-22.4,High
46,49.7,62,6,3,3,4,1,3.7,High
36,23.2,98,3,1,1,4,0,-12.8,Moderate
18,0.6,84,4,1,2,2,0,-17.4,High
15,11.4,75,4,1,1,2,0,-3.6,Low
43,40.8,79,0,2,2,1,0,-2.2,Low
85,75.1,85,2,4,2,1,0,-9.9,Moderate
54,59.3,70,7,4,1,3,0,5.3,Moderate
82,65.6,71,4,3,3,0,0,-16.4,High
22,14.9,77,5,2,4,3,0,-7.1,Moderate
22,13.2,70,6,2,1,2,0,-8.8,High
78,74.5,91,2,2,0,1,0,-3.5,Low
23,22.8,64,3,0,2,2,0,-0.2,Moderate
18,4.9,93,3,1,3,5,0,-13.1,High
45,49.2,74,9,6,1,4,0,4.2,Moderate
85,82.6,83,9,2,1,4,0,-2.4,Low
67,45.1,66,3,4,1,3,0,-21.9,High
22,0.0,75,2,7,2,2,1,-22.0,High
78,74.9,90,6,1,2,5,0,-3.1,Moderate
79,73.8,71,5,5,3,1,0,-5.2,Moderate
75,71.0,65,3,2,2,1,0,-4.0,Moderate
83,79.7,81,6,1,2,5,0,-3.3,Moderate
33,32.3,66,4,2,1,1,1,-0.7,Moderate
89,95.5,72,3,1,4,2,1,6.5,Moderate
39,24.9,78,3,0,2,1,0,-14.1,Moderate
75,60.3,83,4,3,3,1,1,-14.7,High
59,45.1,86,7,7,2,1,0,-13.9,High
74,73.9,87,8,3,4,3,0,-0.1,Moderate
62,71.4,94,4,5,2,4,0,9.4,Low
63,55.7,62,1,4,0,3,0,-7.3,High
